round,loss
1,0.0033267868566326797
2,0.003330010687932372
3,0.003175077377818525
4,0.0031416089623235166
5,0.0031591313309036195
6,0.0031173814786598086
7,0.0031011737301014364
8,0.0030959105934016407
9,0.003093532577622682
10,0.003090773825533688
11,0.0030873859068378806
12,0.003087738121394068
13,0.003081666771322489
14,0.0030771283782087266
15,0.0030788598814979196
16,0.0030736098997294903
17,0.0030728450510650873
18,0.003070043632760644
19,0.0030687093385495245
20,0.0030676053720526397
